agent,arm,medium,qid,reason,stop_reason
agent_B,both,nl,gsm8k_test_1084,agent_removed_D3_refusal_artifact,end_turn
agent_B,both,code,gsm8k_test_1084,agent_removed_D3_refusal_artifact,refusal
agent_B,both,nl,gsm8k_test_1093,agent_removed_D3_refusal_artifact,end_turn
agent_B,both,code,gsm8k_test_1093,agent_removed_D3_refusal_artifact,refusal
agent_B,both,nl,gsm8k_test_1095,agent_removed_D3_refusal_artifact,end_turn
agent_B,both,code,gsm8k_test_1095,agent_removed_D3_refusal_artifact,end_turn
agent_B,both,nl,gsm8k_test_1116,agent_removed_D3_refusal_artifact,end_turn
agent_B,both,code,gsm8k_test_1116,agent_removed_D3_refusal_artifact,end_turn
agent_B,both,nl,gsm8k_test_1138,agent_removed_D3_refusal_artifact,end_turn
agent_B,both,code,gsm8k_test_1138,agent_removed_D3_refusal_artifact,end_turn
agent_B,both,nl,gsm8k_test_1142,agent_removed_D3_refusal_artifact,end_turn
agent_B,both,code,gsm8k_test_1142,agent_removed_D3_refusal_artifact,end_turn
agent_B,both,nl,gsm8k_test_1170,agent_removed_D3_refusal_artifact,end_turn
agent_B,both,code,gsm8k_test_1170,agent_removed_D3_refusal_artifact,end_turn
agent_B,both,nl,gsm8k_test_125,agent_removed_D3_refusal_artifact,end_turn
agent_B,both,code,gsm8k_test_125,agent_removed_D3_refusal_artifact,end_turn
agent_B,both,nl,gsm8k_test_1257,agent_removed_D3_refusal_artifact,end_turn
agent_B,both,code,gsm8k_test_1257,agent_removed_D3_refusal_artifact,end_turn
agent_B,both,nl,gsm8k_test_1273,agent_removed_D3_refusal_artifact,end_turn
agent_B,both,code,gsm8k_test_1273,agent_removed_D3_refusal_artifact,end_turn
agent_B,both,nl,gsm8k_test_1282,agent_removed_D3_refusal_artifact,end_turn
agent_B,both,code,gsm8k_test_1282,agent_removed_D3_refusal_artifact,refusal
agent_B,both,nl,gsm8k_test_1293,agent_removed_D3_refusal_artifact,end_turn
agent_B,both,code,gsm8k_test_1293,agent_removed_D3_refusal_artifact,end_turn
agent_B,both,nl,gsm8k_test_1302,agent_removed_D3_refusal_artifact,end_turn
agent_B,both,code,gsm8k_test_1302,agent_removed_D3_refusal_artifact,end_turn
agent_B,both,nl,gsm8k_test_1307,agent_removed_D3_refusal_artifact,end_turn
agent_B,both,code,gsm8k_test_1307,agent_removed_D3_refusal_artifact,end_turn
agent_B,both,nl,gsm8k_test_1308,agent_removed_D3_refusal_artifact,end_turn
agent_B,both,code,gsm8k_test_1308,agent_removed_D3_refusal_artifact,refusal
agent_B,both,nl,gsm8k_test_184,agent_removed_D3_refusal_artifact,end_turn
agent_B,both,code,gsm8k_test_184,agent_removed_D3_refusal_artifact,refusal
agent_B,both,nl,gsm8k_test_23,agent_removed_D3_refusal_artifact,end_turn
agent_B,both,code,gsm8k_test_23,agent_removed_D3_refusal_artifact,end_turn
agent_B,both,nl,gsm8k_test_235,agent_removed_D3_refusal_artifact,refusal
agent_B,both,code,gsm8k_test_235,agent_removed_D3_refusal_artifact,end_turn
agent_B,both,nl,gsm8k_test_256,agent_removed_D3_refusal_artifact,end_turn
agent_B,both,code,gsm8k_test_256,agent_removed_D3_refusal_artifact,refusal
agent_B,both,nl,gsm8k_test_257,agent_removed_D3_refusal_artifact,refusal
agent_B,both,code,gsm8k_test_257,agent_removed_D3_refusal_artifact,end_turn
agent_B,both,nl,gsm8k_test_258,agent_removed_D3_refusal_artifact,end_turn
agent_B,both,code,gsm8k_test_258,agent_removed_D3_refusal_artifact,refusal
agent_B,both,nl,gsm8k_test_26,agent_removed_D3_refusal_artifact,end_turn
agent_B,both,code,gsm8k_test_26,agent_removed_D3_refusal_artifact,end_turn
agent_B,both,nl,gsm8k_test_3,agent_removed_D3_refusal_artifact,end_turn
agent_B,both,code,gsm8k_test_3,agent_removed_D3_refusal_artifact,end_turn
agent_B,both,nl,gsm8k_test_412,agent_removed_D3_refusal_artifact,end_turn
agent_B,both,code,gsm8k_test_412,agent_removed_D3_refusal_artifact,end_turn
agent_B,both,nl,gsm8k_test_463,agent_removed_D3_refusal_artifact,error
agent_B,both,code,gsm8k_test_463,agent_removed_D3_refusal_artifact,refusal
agent_B,both,nl,gsm8k_test_50,agent_removed_D3_refusal_artifact,end_turn
agent_B,both,code,gsm8k_test_50,agent_removed_D3_refusal_artifact,end_turn
agent_B,both,nl,gsm8k_test_518,agent_removed_D3_refusal_artifact,end_turn
agent_B,both,code,gsm8k_test_518,agent_removed_D3_refusal_artifact,end_turn
agent_B,both,nl,gsm8k_test_541,agent_removed_D3_refusal_artifact,end_turn
agent_B,both,code,gsm8k_test_541,agent_removed_D3_refusal_artifact,end_turn
agent_B,both,nl,gsm8k_test_570,agent_removed_D3_refusal_artifact,end_turn
agent_B,both,code,gsm8k_test_570,agent_removed_D3_refusal_artifact,error
agent_B,both,nl,gsm8k_test_64,agent_removed_D3_refusal_artifact,end_turn
agent_B,both,code,gsm8k_test_64,agent_removed_D3_refusal_artifact,end_turn
agent_B,both,nl,gsm8k_test_662,agent_removed_D3_refusal_artifact,end_turn
agent_B,both,code,gsm8k_test_662,agent_removed_D3_refusal_artifact,end_turn
agent_B,both,nl,gsm8k_test_690,agent_removed_D3_refusal_artifact,end_turn
agent_B,both,code,gsm8k_test_690,agent_removed_D3_refusal_artifact,end_turn
agent_B,both,nl,gsm8k_test_705,agent_removed_D3_refusal_artifact,end_turn
agent_B,both,code,gsm8k_test_705,agent_removed_D3_refusal_artifact,end_turn
agent_B,both,nl,gsm8k_test_71,agent_removed_D3_refusal_artifact,end_turn
agent_B,both,code,gsm8k_test_71,agent_removed_D3_refusal_artifact,end_turn
agent_B,both,nl,gsm8k_test_746,agent_removed_D3_refusal_artifact,end_turn
agent_B,both,code,gsm8k_test_746,agent_removed_D3_refusal_artifact,end_turn
agent_B,both,nl,gsm8k_test_75,agent_removed_D3_refusal_artifact,end_turn
agent_B,both,code,gsm8k_test_75,agent_removed_D3_refusal_artifact,end_turn
agent_B,both,nl,gsm8k_test_756,agent_removed_D3_refusal_artifact,end_turn
agent_B,both,code,gsm8k_test_756,agent_removed_D3_refusal_artifact,refusal
agent_B,both,nl,gsm8k_test_843,agent_removed_D3_refusal_artifact,end_turn
agent_B,both,code,gsm8k_test_843,agent_removed_D3_refusal_artifact,end_turn
agent_B,both,nl,gsm8k_test_849,agent_removed_D3_refusal_artifact,end_turn
agent_B,both,code,gsm8k_test_849,agent_removed_D3_refusal_artifact,refusal
agent_B,both,nl,gsm8k_test_911,agent_removed_D3_refusal_artifact,end_turn
agent_B,both,code,gsm8k_test_911,agent_removed_D3_refusal_artifact,refusal
agent_B,both,nl,gsm8k_test_949,agent_removed_D3_refusal_artifact,refusal
agent_B,both,code,gsm8k_test_949,agent_removed_D3_refusal_artifact,refusal
agent_B,both,nl,gsm8k_test_959,agent_removed_D3_refusal_artifact,end_turn
agent_B,both,code,gsm8k_test_959,agent_removed_D3_refusal_artifact,refusal
agent_B,both,nl,gsm8k_test_980,agent_removed_D3_refusal_artifact,end_turn
agent_B,both,code,gsm8k_test_980,agent_removed_D3_refusal_artifact,end_turn
agent_A,sham,nl,gsm8k_test_1084,revision_missing_or_unparsed,
agent_A,none,code,gsm8k_test_1084,revision_missing_or_unparsed,
agent_A,sham,code,gsm8k_test_1084,revision_missing_or_unparsed,
agent_C,sham,nl,gsm8k_test_1084,revision_missing_or_unparsed,
agent_C,none,code,gsm8k_test_1084,revision_missing_or_unparsed,
agent_C,sham,code,gsm8k_test_1084,revision_missing_or_unparsed,
agent_A,sham,nl,gsm8k_test_1093,revision_missing_or_unparsed,
agent_A,none,code,gsm8k_test_1093,revision_missing_or_unparsed,
agent_A,sham,code,gsm8k_test_1093,revision_missing_or_unparsed,
agent_C,sham,nl,gsm8k_test_1093,revision_missing_or_unparsed,
agent_C,none,code,gsm8k_test_1093,revision_missing_or_unparsed,
agent_C,sham,code,gsm8k_test_1093,revision_missing_or_unparsed,
agent_A,sham,nl,gsm8k_test_1095,revision_missing_or_unparsed,
agent_A,none,code,gsm8k_test_1095,revision_missing_or_unparsed,
agent_A,sham,code,gsm8k_test_1095,revision_missing_or_unparsed,
agent_C,sham,nl,gsm8k_test_1095,revision_missing_or_unparsed,
agent_C,none,code,gsm8k_test_1095,revision_missing_or_unparsed,
agent_C,sham,code,gsm8k_test_1095,revision_missing_or_unparsed,
agent_A,sham,nl,gsm8k_test_1116,revision_missing_or_unparsed,
agent_A,none,code,gsm8k_test_1116,revision_missing_or_unparsed,
agent_A,sham,code,gsm8k_test_1116,revision_missing_or_unparsed,
agent_C,none,nl,gsm8k_test_1116,revision_missing_or_unparsed,
agent_C,sham,nl,gsm8k_test_1116,revision_missing_or_unparsed,
agent_C,none,code,gsm8k_test_1116,revision_missing_or_unparsed,
agent_C,sham,code,gsm8k_test_1116,revision_missing_or_unparsed,
agent_A,sham,nl,gsm8k_test_1138,revision_missing_or_unparsed,
agent_A,none,code,gsm8k_test_1138,revision_missing_or_unparsed,
agent_A,sham,code,gsm8k_test_1138,revision_missing_or_unparsed,
agent_C,none,nl,gsm8k_test_1138,revision_missing_or_unparsed,
agent_C,sham,nl,gsm8k_test_1138,revision_missing_or_unparsed,
agent_C,none,code,gsm8k_test_1138,revision_missing_or_unparsed,
agent_C,sham,code,gsm8k_test_1138,revision_missing_or_unparsed,
agent_A,sham,nl,gsm8k_test_1142,revision_missing_or_unparsed,
agent_A,none,code,gsm8k_test_1142,revision_missing_or_unparsed,
agent_A,sham,code,gsm8k_test_1142,revision_missing_or_unparsed,
agent_C,none,nl,gsm8k_test_1142,revision_missing_or_unparsed,
agent_C,sham,nl,gsm8k_test_1142,revision_missing_or_unparsed,
agent_C,none,code,gsm8k_test_1142,revision_missing_or_unparsed,
agent_C,sham,code,gsm8k_test_1142,revision_missing_or_unparsed,
agent_A,sham,nl,gsm8k_test_1170,revision_missing_or_unparsed,
agent_A,none,code,gsm8k_test_1170,revision_missing_or_unparsed,
agent_A,sham,code,gsm8k_test_1170,revision_missing_or_unparsed,
agent_C,none,nl,gsm8k_test_1170,revision_missing_or_unparsed,
agent_C,sham,nl,gsm8k_test_1170,revision_missing_or_unparsed,
agent_C,none,code,gsm8k_test_1170,revision_missing_or_unparsed,
agent_C,sham,code,gsm8k_test_1170,revision_missing_or_unparsed,
agent_A,sham,nl,gsm8k_test_1257,revision_missing_or_unparsed,
agent_A,none,code,gsm8k_test_1257,revision_missing_or_unparsed,
agent_A,sham,code,gsm8k_test_1257,revision_missing_or_unparsed,
agent_C,none,nl,gsm8k_test_1257,revision_missing_or_unparsed,
agent_C,sham,nl,gsm8k_test_1257,revision_missing_or_unparsed,
agent_C,none,code,gsm8k_test_1257,revision_missing_or_unparsed,
agent_C,sham,code,gsm8k_test_1257,revision_missing_or_unparsed,
agent_A,sham,nl,gsm8k_test_1273,revision_missing_or_unparsed,
agent_A,none,code,gsm8k_test_1273,revision_missing_or_unparsed,
agent_A,sham,code,gsm8k_test_1273,revision_missing_or_unparsed,
agent_C,none,nl,gsm8k_test_1273,revision_missing_or_unparsed,
agent_C,sham,nl,gsm8k_test_1273,revision_missing_or_unparsed,
agent_C,none,code,gsm8k_test_1273,revision_missing_or_unparsed,
agent_C,sham,code,gsm8k_test_1273,revision_missing_or_unparsed,
agent_A,sham,nl,gsm8k_test_1282,revision_missing_or_unparsed,
agent_A,none,code,gsm8k_test_1282,revision_missing_or_unparsed,
agent_A,sham,code,gsm8k_test_1282,revision_missing_or_unparsed,
agent_C,none,nl,gsm8k_test_1282,revision_missing_or_unparsed,
agent_C,sham,nl,gsm8k_test_1282,revision_missing_or_unparsed,
agent_C,none,code,gsm8k_test_1282,revision_missing_or_unparsed,
agent_C,sham,code,gsm8k_test_1282,revision_missing_or_unparsed,
agent_A,sham,nl,gsm8k_test_1293,revision_missing_or_unparsed,
agent_A,none,code,gsm8k_test_1293,revision_missing_or_unparsed,
agent_A,sham,code,gsm8k_test_1293,revision_missing_or_unparsed,
agent_C,none,nl,gsm8k_test_1293,revision_missing_or_unparsed,
agent_C,sham,nl,gsm8k_test_1293,revision_missing_or_unparsed,
agent_C,none,code,gsm8k_test_1293,revision_missing_or_unparsed,
agent_C,sham,code,gsm8k_test_1293,revision_missing_or_unparsed,
agent_A,sham,nl,gsm8k_test_1302,revision_missing_or_unparsed,
agent_A,none,code,gsm8k_test_1302,revision_missing_or_unparsed,
agent_A,sham,code,gsm8k_test_1302,revision_missing_or_unparsed,
agent_C,none,nl,gsm8k_test_1302,revision_missing_or_unparsed,
agent_C,sham,nl,gsm8k_test_1302,revision_missing_or_unparsed,
agent_C,none,code,gsm8k_test_1302,revision_missing_or_unparsed,
agent_C,sham,code,gsm8k_test_1302,revision_missing_or_unparsed,
agent_A,sham,nl,gsm8k_test_1307,revision_missing_or_unparsed,
agent_A,none,code,gsm8k_test_1307,revision_missing_or_unparsed,
agent_A,sham,code,gsm8k_test_1307,revision_missing_or_unparsed,
agent_C,none,nl,gsm8k_test_1307,revision_missing_or_unparsed,
agent_C,sham,nl,gsm8k_test_1307,revision_missing_or_unparsed,
agent_C,none,code,gsm8k_test_1307,revision_missing_or_unparsed,
agent_C,sham,code,gsm8k_test_1307,revision_missing_or_unparsed,
agent_A,sham,nl,gsm8k_test_1308,revision_missing_or_unparsed,
agent_A,none,code,gsm8k_test_1308,revision_missing_or_unparsed,
agent_A,sham,code,gsm8k_test_1308,revision_missing_or_unparsed,
agent_C,none,nl,gsm8k_test_1308,revision_missing_or_unparsed,
agent_C,sham,nl,gsm8k_test_1308,revision_missing_or_unparsed,
agent_C,none,code,gsm8k_test_1308,revision_missing_or_unparsed,
agent_C,sham,code,gsm8k_test_1308,revision_missing_or_unparsed,
agent_A,sham,nl,gsm8k_test_980,revision_missing_or_unparsed,
agent_A,none,code,gsm8k_test_980,revision_missing_or_unparsed,
agent_A,sham,code,gsm8k_test_980,revision_missing_or_unparsed,
agent_C,sham,nl,gsm8k_test_980,revision_missing_or_unparsed,
agent_C,none,code,gsm8k_test_980,revision_missing_or_unparsed,
agent_C,sham,code,gsm8k_test_980,revision_missing_or_unparsed,
