W,agent,complete,gold,in_tok,init_answer,init_correct,init_exec_consistent,medium,none_answer,none_correct,none_flipped,none_in_tok,none_out_tok,none_stop,none_to_W,out_tok,qid,sham_answer,sham_correct,sham_flipped,sham_in_tok,sham_out_tok,sham_stop,sham_to_W
40,agent_A,0,20,3865,20,1,,nl,20,1,0,4135,293,end_turn,0,191,gsm8k_test_1084,,,,,,,
40,agent_A,0,20,3915,20,1,True,code,,,,,,,,327,gsm8k_test_1084,,,,,,,
40,agent_C,0,20,3865,20,1,,nl,20,1,0,4090,182,end_turn,0,146,gsm8k_test_1084,,,,,,,
40,agent_C,0,20,3915,20,1,True,code,,,,,,,,235,gsm8k_test_1084,,,,,,,
72,agent_A,0,144,3892,144,1,,nl,144,1,0,4171,233,end_turn,0,200,gsm8k_test_1093,,,,,,,
72,agent_A,0,144,3942,144,1,True,code,,,,,,,,525,gsm8k_test_1093,,,,,,,
72,agent_C,0,144,3892,144,1,,nl,144,1,0,4147,203,end_turn,0,176,gsm8k_test_1093,,,,,,,
72,agent_C,0,144,3942,144,1,True,code,,,,,,,,323,gsm8k_test_1093,,,,,,,
90,agent_A,0,270,3874,270,1,,nl,270,1,0,4114,178,end_turn,0,161,gsm8k_test_1095,,,,,,,
90,agent_A,0,270,3924,270,1,True,code,,,,,,,,350,gsm8k_test_1095,,,,,,,
90,agent_C,0,270,3874,270,1,,nl,270,1,0,4110,155,end_turn,0,157,gsm8k_test_1095,,,,,,,
90,agent_C,0,270,3924,270,1,True,code,,,,,,,,251,gsm8k_test_1095,,,,,,,
70,agent_A,0,60,3871,60,1,,nl,60,1,0,4059,170,end_turn,0,109,gsm8k_test_1116,,,,,,,
70,agent_A,0,60,3921,60,1,True,code,,,,,,,,234,gsm8k_test_1116,,,,,,,
70,agent_C,0,60,3871,60,1,,nl,,,,,,,,79,gsm8k_test_1116,,,,,,,
70,agent_C,0,60,3921,60,1,True,code,,,,,,,,140,gsm8k_test_1116,,,,,,,
160,agent_A,0,700,3899,700,1,,nl,700,1,0,4141,214,end_turn,0,163,gsm8k_test_1138,,,,,,,
160,agent_A,0,700,3949,700,1,True,code,,,,,,,,385,gsm8k_test_1138,,,,,,,
160,agent_C,0,700,3899,700,1,,nl,,,,,,,,211,gsm8k_test_1138,,,,,,,
160,agent_C,0,700,3949,700,1,True,code,,,,,,,,153,gsm8k_test_1138,,,,,,,
26,agent_A,0,9,3903,9,1,,nl,9,1,0,4118,187,end_turn,0,136,gsm8k_test_1142,,,,,,,
26,agent_A,0,9,3953,9,1,True,code,,,,,,,,201,gsm8k_test_1142,,,,,,,
26,agent_C,0,9,3903,9,1,,nl,,,,,,,,135,gsm8k_test_1142,,,,,,,
26,agent_C,0,9,3953,9,1,True,code,,,,,,,,194,gsm8k_test_1142,,,,,,,
3,agent_A,0,2,3898,2,1,,nl,2,1,0,4231,292,end_turn,0,254,gsm8k_test_1170,,,,,,,
3,agent_A,0,2,3948,2,1,True,code,,,,,,,,297,gsm8k_test_1170,,,,,,,
3,agent_C,0,2,3898,2,1,,nl,,,,,,,,162,gsm8k_test_1170,,,,,,,
3,agent_C,0,2,3948,2,1,True,code,,,,,,,,173,gsm8k_test_1170,,,,,,,
4,agent_A,1,10,3946,10,1,,nl,10,1,0,4281,218,end_turn,0,256,gsm8k_test_125,10,1,0,4602,469,end_turn,0
4,agent_A,1,10,3996,10,1,True,code,10,1,0,4334,375,end_turn,0,238,gsm8k_test_125,10,1,0,4730,495,end_turn,0
4,agent_C,1,10,3946,10,1,,nl,10,1,0,4179,288,end_turn,0,154,gsm8k_test_125,10,1,0,4500,384,end_turn,0
4,agent_C,1,10,3996,10,1,True,code,10,1,0,4459,305,end_turn,0,348,gsm8k_test_125,7,0,1,4855,469,end_turn,0
112,agent_A,0,14,3886,14,1,,nl,14,1,0,4101,157,end_turn,0,136,gsm8k_test_1257,,,,,,,
112,agent_A,0,14,3936,14,1,True,code,,,,,,,,277,gsm8k_test_1257,,,,,,,
112,agent_C,0,14,3886,14,1,,nl,,,,,,,,127,gsm8k_test_1257,,,,,,,
112,agent_C,0,14,3936,14,1,True,code,,,,,,,,251,gsm8k_test_1257,,,,,,,
31,agent_A,0,27,3882,27,1,,nl,27,1,0,4131,219,end_turn,0,170,gsm8k_test_1273,,,,,,,
31,agent_A,0,27,3932,27,1,True,code,,,,,,,,207,gsm8k_test_1273,,,,,,,
31,agent_C,0,27,3882,27,1,,nl,,,,,,,,130,gsm8k_test_1273,,,,,,,
31,agent_C,0,27,3932,27,1,True,code,,,,,,,,174,gsm8k_test_1273,,,,,,,
14,agent_A,0,12,3893,12,1,,nl,12,1,0,4136,185,end_turn,0,164,gsm8k_test_1282,,,,,,,
14,agent_A,0,12,3943,12,1,True,code,,,,,,,,405,gsm8k_test_1282,,,,,,,
14,agent_C,0,12,3893,12,1,,nl,,,,,,,,166,gsm8k_test_1282,,,,,,,
14,agent_C,0,12,3943,12,1,True,code,,,,,,,,279,gsm8k_test_1282,,,,,,,
70000,agent_A,0,140000,3876,140000,1,,nl,140000,1,0,4093,236,end_turn,0,137,gsm8k_test_1293,,,,,,,
70000,agent_A,0,140000,3926,140000,1,True,code,,,,,,,,281,gsm8k_test_1293,,,,,,,
70000,agent_C,0,140000,3876,140000,1,,nl,,,,,,,,120,gsm8k_test_1293,,,,,,,
70000,agent_C,0,140000,3926,140000,1,True,code,,,,,,,,157,gsm8k_test_1293,,,,,,,
144,agent_A,0,72,3893,72,1,,nl,72,1,0,4117,207,end_turn,0,145,gsm8k_test_1302,,,,,,,
144,agent_A,0,72,3943,72,1,True,code,,,,,,,,329,gsm8k_test_1302,,,,,,,
144,agent_C,0,72,3893,72,1,,nl,,,,,,,,134,gsm8k_test_1302,,,,,,,
144,agent_C,0,72,3943,72,1,True,code,,,,,,,,212,gsm8k_test_1302,,,,,,,
24,agent_A,0,8,3873,8,1,,nl,8,1,0,4099,189,end_turn,0,147,gsm8k_test_1307,,,,,,,
24,agent_A,0,8,3923,8,1,True,code,,,,,,,,352,gsm8k_test_1307,,,,,,,
24,agent_C,0,8,3873,8,1,,nl,,,,,,,,117,gsm8k_test_1307,,,,,,,
24,agent_C,0,8,3923,8,1,True,code,,,,,,,,288,gsm8k_test_1307,,,,,,,
20,agent_A,0,30,3860,30,1,,nl,30,1,0,4021,160,end_turn,0,82,gsm8k_test_1308,,,,,,,
20,agent_A,0,30,3910,30,1,True,code,,,,,,,,138,gsm8k_test_1308,,,,,,,
20,agent_C,0,30,3860,30,1,,nl,,,,,,,,91,gsm8k_test_1308,,,,,,,
20,agent_C,0,30,3910,30,1,True,code,,,,,,,,105,gsm8k_test_1308,,,,,,,
100,agent_A,1,25,3868,25,1,,nl,25,1,0,4219,340,end_turn,0,272,gsm8k_test_184,100,0,1,4578,434,end_turn,1
100,agent_A,1,25,3918,25,1,True,code,25,1,0,4520,475,end_turn,0,469,gsm8k_test_184,100,0,1,5187,621,end_turn,1
100,agent_C,1,25,3868,25,1,,nl,25,1,0,4142,198,end_turn,0,195,gsm8k_test_184,100,0,1,4501,274,end_turn,1
100,agent_C,1,25,3918,25,1,True,code,100,0,1,4367,554,end_turn,1,322,gsm8k_test_184,100,0,1,5034,624,end_turn,1
10,agent_A,1,8,3872,8,1,,nl,8,1,0,4097,211,end_turn,0,146,gsm8k_test_23,8,1,0,4394,422,end_turn,0
10,agent_A,1,8,3922,8,1,True,code,8,1,0,4345,232,end_turn,0,305,gsm8k_test_23,8,1,0,4842,467,end_turn,0
10,agent_C,1,8,3872,8,1,,nl,8,1,0,4070,105,end_turn,0,119,gsm8k_test_23,8,1,0,4367,223,end_turn,0
10,agent_C,1,8,3922,8,1,True,code,8,1,0,4250,136,end_turn,0,227,gsm8k_test_23,8,1,0,4747,492,end_turn,0
5,agent_A,1,10,3889,10,1,,nl,10,1,0,4100,195,end_turn,0,132,gsm8k_test_235,10,1,0,4443,437,end_turn,0
5,agent_A,1,10,3939,10,1,True,code,10,1,0,4363,279,end_turn,0,313,gsm8k_test_235,10,1,0,4786,428,end_turn,0
5,agent_C,1,10,3889,10,1,,nl,10,1,0,4090,117,end_turn,0,122,gsm8k_test_235,10,1,0,4433,263,end_turn,0
5,agent_C,1,10,3939,10,1,True,code,10,1,0,4249,238,end_turn,0,208,gsm8k_test_235,10,1,0,4672,373,end_turn,0
44,agent_A,1,45,3879,45,1,,nl,45,1,0,4106,169,end_turn,0,148,gsm8k_test_256,45,1,0,4406,344,end_turn,0
44,agent_A,1,45,3929,45,1,True,code,45,1,0,4254,241,end_turn,0,234,gsm8k_test_256,45,1,0,4664,401,end_turn,0
44,agent_C,1,45,3879,45,1,,nl,45,1,0,4110,152,end_turn,0,152,gsm8k_test_256,45,1,0,4410,258,end_turn,0
44,agent_C,1,45,3929,45,1,True,code,45,1,0,4411,328,end_turn,0,314,gsm8k_test_256,45,1,0,4821,352,end_turn,0
2400,agent_A,1,5600,3877,5600,1,,nl,5600,1,0,4157,202,end_turn,0,200,gsm8k_test_257,5600,1,0,4481,432,end_turn,0
2400,agent_A,1,5600,3927,5600,1,True,code,5600,1,0,4455,347,end_turn,0,388,gsm8k_test_257,5600,1,0,4852,408,end_turn,0
2400,agent_C,1,5600,3877,5600,1,,nl,5600,1,0,4095,191,end_turn,0,138,gsm8k_test_257,5600,1,0,4419,307,end_turn,0
2400,agent_C,1,5600,3927,5600,1,True,code,5600,1,0,4288,327,end_turn,0,230,gsm8k_test_257,5600,1,0,4685,431,end_turn,0
4,agent_A,1,6,3885,6,1,,nl,6,1,0,4066,217,end_turn,0,102,gsm8k_test_258,6,1,0,4380,357,end_turn,0
4,agent_A,1,6,3935,6,1,True,code,6,1,0,4221,230,end_turn,0,195,gsm8k_test_258,6,1,0,4672,547,end_turn,0
4,agent_C,1,6,3885,6,1,,nl,6,1,0,4083,115,end_turn,0,119,gsm8k_test_258,6,1,0,4397,276,end_turn,0
4,agent_C,1,6,3935,6,1,True,code,6,1,0,4292,112,end_turn,0,222,gsm8k_test_258,6,1,0,4743,359,end_turn,0
81,agent_A,1,243,3895,243,1,,nl,243,1,0,4120,147,end_turn,0,146,gsm8k_test_26,243,1,0,4417,393,end_turn,0
81,agent_A,1,243,3945,243,1,True,code,243,1,0,4410,223,end_turn,0,317,gsm8k_test_26,243,1,0,4752,359,end_turn,0
81,agent_C,1,243,3895,243,1,,nl,243,1,0,4083,154,end_turn,0,109,gsm8k_test_26,243,1,0,4380,330,end_turn,0
81,agent_C,1,243,3945,243,1,True,code,243,1,0,4371,162,end_turn,0,290,gsm8k_test_26,243,1,0,4713,321,end_turn,0
180,agent_A,1,540,3863,540,1,,nl,540,1,0,4055,193,end_turn,0,113,gsm8k_test_3,540,1,0,4303,328,end_turn,0
180,agent_A,1,540,3913,540,1,True,code,540,1,0,4106,241,end_turn,0,104,gsm8k_test_3,540,1,0,4407,382,end_turn,0
180,agent_C,1,540,3863,540,1,,nl,540,1,0,4048,105,end_turn,0,106,gsm8k_test_3,540,1,0,4296,246,end_turn,0
180,agent_C,1,540,3913,540,1,True,code,540,1,0,4106,97,end_turn,0,104,gsm8k_test_3,540,1,0,4407,209,end_turn,0
6,agent_A,1,5,3902,5,1,,nl,5,1,0,4127,212,end_turn,0,146,gsm8k_test_412,5,1,0,4362,319,end_turn,0
6,agent_A,1,5,3952,5,1,True,code,5,1,0,4361,209,end_turn,0,285,gsm8k_test_412,5,1,0,4767,396,end_turn,0
6,agent_C,1,5,3902,5,1,,nl,5,1,0,4087,118,end_turn,0,106,gsm8k_test_412,5,1,0,4322,208,end_turn,0
6,agent_C,1,5,3952,5,1,True,code,5,1,0,4292,262,end_turn,0,219,gsm8k_test_412,5,1,0,4698,329,end_turn,0
3,agent_A,1,18,3868,18,1,,nl,18,1,0,4079,203,end_turn,0,132,gsm8k_test_463,18,1,0,4282,346,end_turn,0
3,agent_A,1,18,3918,18,1,True,code,18,1,0,4200,236,end_turn,0,191,gsm8k_test_463,18,1,0,4471,424,end_turn,0
3,agent_C,1,18,3868,18,1,,nl,18,1,0,4057,117,end_turn,0,110,gsm8k_test_463,18,1,0,4260,151,end_turn,0
3,agent_C,1,18,3918,18,1,True,code,18,1,0,4190,129,end_turn,0,155,gsm8k_test_463,18,1,0,4461,264,end_turn,0
42,agent_A,1,294,3863,294,1,,nl,294,1,0,4089,230,end_turn,0,147,gsm8k_test_50,294,1,0,4325,335,end_turn,0
42,agent_A,1,294,3913,294,1,True,code,294,1,0,4236,200,end_turn,0,232,gsm8k_test_50,294,1,0,4670,435,end_turn,0
42,agent_C,1,294,3863,294,1,,nl,294,1,0,4046,104,end_turn,0,104,gsm8k_test_50,294,1,0,4282,201,end_turn,0
42,agent_C,1,294,3913,294,1,True,code,294,1,0,4241,269,end_turn,0,205,gsm8k_test_50,294,1,0,4675,364,end_turn,0
48,agent_A,1,32,3892,32,1,,nl,32,1,0,4165,260,end_turn,0,194,gsm8k_test_518,32,1,0,4457,431,end_turn,0
48,agent_A,1,32,3942,32,1,True,code,32,1,0,4496,512,end_turn,0,418,gsm8k_test_518,32,1,0,4874,532,end_turn,0
48,agent_C,1,32,3892,32,1,,nl,32,1,0,4177,228,end_turn,0,206,gsm8k_test_518,32,1,0,4469,380,end_turn,0
48,agent_C,1,32,3942,32,1,True,code,32,1,0,4287,348,end_turn,0,220,gsm8k_test_518,32,1,0,4665,545,end_turn,0
25,agent_A,1,50,3884,50,1,,nl,50,1,0,4250,271,end_turn,0,287,gsm8k_test_541,50,1,0,4591,454,end_turn,0
25,agent_A,1,50,3934,50,1,True,code,50,1,0,4501,500,end_turn,0,440,gsm8k_test_541,50,1,0,5074,563,end_turn,0
25,agent_C,1,50,3884,50,1,,nl,50,1,0,4181,220,end_turn,0,218,gsm8k_test_541,50,1,0,4522,320,end_turn,0
25,agent_C,1,50,3934,50,1,True,code,50,1,0,4326,462,end_turn,0,273,gsm8k_test_541,50,1,0,4899,375,end_turn,0
26,agent_A,1,23,3899,23,1,,nl,23,1,0,4220,302,end_turn,0,242,gsm8k_test_570,23,1,0,4596,403,end_turn,0
26,agent_A,1,23,3949,23,1,True,code,23,1,0,4525,509,end_turn,0,445,gsm8k_test_570,23,1,0,5032,514,end_turn,0
26,agent_C,1,23,3899,23,1,,nl,23,1,0,4220,245,end_turn,0,242,gsm8k_test_570,23,1,0,4596,293,end_turn,0
26,agent_C,1,23,3949,23,1,True,code,23,1,0,4545,414,end_turn,0,455,gsm8k_test_570,23,1,0,5052,483,end_turn,0
200,agent_A,1,300,3922,300,1,,nl,300,1,0,4143,289,end_turn,0,142,gsm8k_test_64,300,1,0,4477,399,end_turn,0
200,agent_A,1,300,3972,300,1,True,code,300,1,0,4403,347,end_turn,0,310,gsm8k_test_64,300,1,0,4887,469,end_turn,0
200,agent_C,1,300,3922,300,1,,nl,300,1,0,4147,144,end_turn,0,146,gsm8k_test_64,300,1,0,4481,275,end_turn,0
200,agent_C,1,300,3972,300,1,True,code,300,1,0,4284,266,end_turn,0,190,gsm8k_test_64,300,1,0,4768,438,end_turn,0
9,agent_A,1,7,3890,7,1,,nl,7,1,0,4116,296,end_turn,0,147,gsm8k_test_662,7,1,0,4404,355,end_turn,0
9,agent_A,1,7,3940,7,1,True,code,7,1,0,4327,257,end_turn,0,256,gsm8k_test_662,7,1,0,4708,443,end_turn,0
9,agent_C,1,7,3890,7,1,,nl,7,1,0,4104,145,end_turn,0,135,gsm8k_test_662,7,1,0,4392,311,end_turn,0
9,agent_C,1,7,3940,7,1,True,code,7,1,0,4187,254,end_turn,0,148,gsm8k_test_662,7,1,0,4568,462,end_turn,0
3360,agent_A,1,5760,3882,5760,1,,nl,5760,1,0,4168,295,end_turn,0,206,gsm8k_test_690,5760,1,0,4425,426,end_turn,0
3360,agent_A,1,5760,3932,5760,1,True,code,5760,1,0,4510,329,end_turn,0,426,gsm8k_test_690,5760,1,0,4907,531,end_turn,0
3360,agent_C,1,5760,3882,5760,1,,nl,5760,1,0,4143,240,end_turn,0,181,gsm8k_test_690,5760,1,0,4400,314,end_turn,0
3360,agent_C,1,5760,3932,5760,1,True,code,5760,1,0,4376,421,end_turn,0,299,gsm8k_test_690,5760,1,0,4773,518,end_turn,0
3000,agent_A,1,120,3865,120,1,,nl,120,1,0,4125,218,end_turn,0,181,gsm8k_test_705,120,1,0,4443,408,end_turn,0
3000,agent_A,1,120,3915,120,1,True,code,120,1,0,4265,232,end_turn,0,231,gsm8k_test_705,120,1,0,4666,386,end_turn,0
3000,agent_C,1,120,3865,120,1,,nl,120,1,0,4062,130,end_turn,0,118,gsm8k_test_705,120,1,0,4380,191,end_turn,0
3000,agent_C,1,120,3915,120,1,True,code,120,1,0,4249,158,end_turn,0,206,gsm8k_test_705,120,1,0,4650,339,end_turn,0
40,agent_A,1,60,3872,60,1,,nl,60,1,0,4032,156,end_turn,0,81,gsm8k_test_71,60,1,0,4272,366,end_turn,0
40,agent_A,1,60,3922,60,1,True,code,60,1,0,4163,208,end_turn,0,152,gsm8k_test_71,60,1,0,4543,407,end_turn,0
40,agent_C,1,60,3872,60,1,,nl,60,1,0,4026,105,end_turn,0,75,gsm8k_test_71,60,1,0,4266,208,end_turn,0
40,agent_C,1,60,3922,60,1,True,code,60,1,0,4094,86,end_turn,0,83,gsm8k_test_71,60,1,0,4474,249,end_turn,0
14,agent_A,1,28,3929,28,1,,nl,28,1,0,4153,189,end_turn,0,145,gsm8k_test_746,28,1,0,4459,362,end_turn,0
14,agent_A,1,28,3979,28,1,True,code,28,1,0,4437,260,end_turn,0,342,gsm8k_test_746,28,1,0,4898,402,end_turn,0
14,agent_C,1,28,3929,28,1,,nl,28,1,0,4152,182,end_turn,0,144,gsm8k_test_746,28,1,0,4458,269,end_turn,0
14,agent_C,1,28,3979,28,1,True,code,28,1,0,4328,156,end_turn,0,239,gsm8k_test_746,28,1,0,4789,324,end_turn,0
48,agent_A,1,60,3893,60,1,,nl,60,1,0,4199,294,end_turn,0,227,gsm8k_test_75,60,1,0,4528,360,end_turn,0
48,agent_A,1,60,3943,60,1,True,code,60,1,0,4418,483,end_turn,0,352,gsm8k_test_75,60,1,0,4818,554,end_turn,0
48,agent_C,1,60,3893,60,1,,nl,60,1,0,4170,223,end_turn,0,198,gsm8k_test_75,60,1,0,4499,344,end_turn,0
48,agent_C,1,60,3943,60,1,True,code,60,1,0,4285,194,end_turn,0,217,gsm8k_test_75,60,1,0,4685,338,end_turn,0
11,agent_A,1,22,3880,22,1,,nl,22,1,0,4088,203,end_turn,0,129,gsm8k_test_756,22,1,0,4325,316,end_turn,0
11,agent_A,1,22,3930,22,1,True,code,22,1,0,4410,423,end_turn,0,372,gsm8k_test_756,22,1,0,4694,411,end_turn,0
11,agent_C,1,22,3880,22,1,,nl,22,1,0,4111,180,end_turn,0,152,gsm8k_test_756,22,1,0,4348,190,end_turn,0
11,agent_C,1,22,3930,22,1,True,code,22,1,0,4310,142,end_turn,0,272,gsm8k_test_756,22,1,0,4594,371,end_turn,0
22,agent_A,1,19,3877,19,1,,nl,19,1,0,4087,162,end_turn,0,131,gsm8k_test_843,19,1,0,4348,352,end_turn,0
22,agent_A,1,19,3927,19,1,True,code,19,1,0,4303,237,end_turn,0,261,gsm8k_test_843,19,1,0,4823,451,end_turn,0
22,agent_C,1,19,3877,19,1,,nl,19,1,0,4079,145,end_turn,0,123,gsm8k_test_843,19,1,0,4340,244,end_turn,0
22,agent_C,1,19,3927,19,1,True,code,19,1,0,4192,192,end_turn,0,176,gsm8k_test_843,19,1,0,4712,254,end_turn,0
2250,agent_A,1,75,3870,75,1,,nl,75,1,0,4073,172,end_turn,0,124,gsm8k_test_849,75,1,0,4277,301,end_turn,0
2250,agent_A,1,75,3920,75,1,True,code,75,1,0,4334,217,end_turn,0,287,gsm8k_test_849,75,1,0,4711,477,end_turn,0
2250,agent_C,1,75,3870,75,1,,nl,75,1,0,4047,143,end_turn,0,98,gsm8k_test_849,75,1,0,4251,208,end_turn,0
2250,agent_C,1,75,3920,75,1,True,code,75,1,0,4250,204,end_turn,0,214,gsm8k_test_849,75,1,0,4627,414,end_turn,0
80,agent_A,1,64,3890,64,1,,nl,64,1,0,4132,229,end_turn,0,163,gsm8k_test_911,64,1,0,4409,392,end_turn,0
80,agent_A,1,64,3940,64,1,True,code,64,1,0,4274,328,end_turn,0,243,gsm8k_test_911,64,1,0,4651,412,end_turn,0
80,agent_C,1,64,3890,64,1,,nl,64,1,0,4102,154,end_turn,0,133,gsm8k_test_911,64,1,0,4379,319,end_turn,0
80,agent_C,1,64,3940,64,1,True,code,64,1,0,4160,246,end_turn,0,129,gsm8k_test_911,64,1,0,4537,321,end_turn,0
21,agent_A,1,42,3854,42,1,,nl,42,1,0,4143,211,end_turn,0,210,gsm8k_test_949,42,1,0,4379,390,end_turn,0
21,agent_A,1,42,3904,42,1,True,code,42,1,0,4163,299,end_turn,0,170,gsm8k_test_949,42,1,0,4460,410,end_turn,0
21,agent_C,1,42,3854,42,1,,nl,42,1,0,4062,92,end_turn,0,129,gsm8k_test_949,42,1,0,4298,191,end_turn,0
21,agent_C,1,42,3904,42,1,True,code,42,1,0,4207,258,end_turn,0,194,gsm8k_test_949,42,1,0,4504,408,end_turn,0
10,agent_A,1,7,3942,7,1,,nl,7,1,0,4208,218,end_turn,0,187,gsm8k_test_959,7,1,0,4491,395,end_turn,0
10,agent_A,1,7,3992,7,1,True,code,7,1,0,4390,369,end_turn,0,282,gsm8k_test_959,7,1,0,4750,412,end_turn,0
10,agent_C,1,7,3942,7,1,,nl,7,1,0,4193,155,end_turn,0,172,gsm8k_test_959,7,1,0,4476,261,end_turn,0
10,agent_C,1,7,3992,7,1,True,code,7,1,0,4365,278,end_turn,0,255,gsm8k_test_959,7,1,0,4725,416,end_turn,0
70,agent_A,0,90,3891,90,1,,nl,90,1,0,4098,236,end_turn,0,128,gsm8k_test_980,,,,,,,
70,agent_A,0,90,3941,90,1,True,code,,,,,,,,206,gsm8k_test_980,,,,,,,
70,agent_C,0,90,3891,90,1,,nl,90,1,0,4096,113,end_turn,0,126,gsm8k_test_980,,,,,,,
70,agent_C,0,90,3941,90,1,True,code,,,,,,,,167,gsm8k_test_980,,,,,,,
